letter,word,imageUrl
A,Apple,https://images.pexels.com/photos/102104/pexels-photo-102104.jpeg?auto=compress&cs=tinysrgb&h=350
B,Ball,https://images.pexels.com/photos/47730/the-ball-stadion-football-the-pitch-47730.jpeg?auto=compress&cs=tinysrgb&h=350
C,Cat,https://images.pexels.com/photos/45201/kitty-cat-kitten-pet-45201.jpeg?auto=compress&cs=tinysrgb&h=350
D,Dog,https://images.pexels.com/photos/1108099/pexels-photo-1108099.jpeg?auto=compress&cs=tinysrgb&h=350
E,Elephant,https://images.pexels.com/photos/1054655/pexels-photo-1054655.jpeg?auto=compress&cs=tinysrgb&h=350
F,Fish,https://images.pexels.com/photos/128756/pexels-photo-128756.jpeg?auto=compress&cs=tinysrgb&h=350
G,Goat,https://images.pexels.com/photos/86594/goat-animal-horns-black-and-white-86594.jpeg?auto=compress&cs=tinysrgb&h=350
H,Hat,https://images.pexels.com/photos/984619/pexels-photo-984619.jpeg?auto=compress&cs=tinysrgb&h=350
I,Ice cream,https://images.pexels.com/photos/1362534/pexels-photo-1362534.jpeg?auto=compress&cs=tinysrgb&h=350
J,Jug,https://images.pexels.com/photos/32566372/pexels-photo-32566372.jpeg?auto=compress&cs=tinysrgb&h=350
K,Kite,https://images.pexels.com/photos/929362/pexels-photo-929362.jpeg?auto=compress&cs=tinysrgb&h=350
L,Lion,https://images.pexels.com/photos/2220336/pexels-photo-2220336.jpeg?auto=compress&cs=tinysrgb&h=350
M,Monkey,https://images.pexels.com/photos/1207875/pexels-photo-1207875.jpeg?auto=compress&cs=tinysrgb&h=350
N,Nest,https://images.pexels.com/photos/972994/pexels-photo-972994.jpeg?auto=compress&cs=tinysrgb&h=350
O,Orange,https://images.pexels.com/photos/1293120/pexels-photo-1293120.jpeg?auto=compress&cs=tinysrgb&h=350
P,Parrot,https://images.pexels.com/photos/1463295/pexels-photo-1463295.jpeg?auto=compress&cs=tinysrgb&h=350
Q,Queen,https://images.pexels.com/photos/260024/pexels-photo-260024.jpeg?auto=compress&cs=tinysrgb&h=350
R,Rabbit,https://images.pexels.com/photos/6845638/pexels-photo-6845638.jpeg?auto=compress&cs=tinysrgb&h=350
S,Sun,https://images.pexels.com/photos/301599/pexels-photo-301599.jpeg?auto=compress&cs=tinysrgb&h=350
T,Tiger,https://images.pexels.com/photos/792381/pexels-photo-792381.jpeg?auto=compress&cs=tinysrgb&h=350
U,Umbrella,https://images.pexels.com/photos/1715161/pexels-photo-1715161.jpeg?auto=compress&cs=tinysrgb&h=350
V,Van,https://images.pexels.com/photos/2303781/pexels-photo-2303781.jpeg?auto=compress&cs=tinysrgb&h=350
W,Watch,https://images.pexels.com/photos/5858713/pexels-photo-5858713.jpeg?auto=compress&cs=tinysrgb&h=350
X,Xylophone,https://images.pexels.com/photos/165972/pexels-photo-165972.jpeg?auto=compress&cs=tinysrgb&h=350
Y,Yak,https://images.pexels.com/photos/51952/cow-bull-horns-coat-51952.jpeg?auto=compress&cs=tinysrgb&h=350
Z,Zebra,https://images.pexels.com/photos/750539/pexels-photo-750539.jpeg?auto=compress&cs=tinysrgb&h=350